1. CREATE TABLE
SET EXECUTION_MODE='CHUNK_ITERATOR';
SUCCESS

CREATE TABLE T_ORDER_BY(ID INT, SCORE FLOAT, NAME CHAR) STORAGE FORMAT=PAX;
SUCCESS
CREATE TABLE T_ORDER_BY_2(ID INT, AGE INT) STORAGE FORMAT=PAX;
SUCCESS

2. INSERT RECORDS
INSERT INTO T_ORDER_BY VALUES(3, 1.0, 'A');
SUCCESS
INSERT INTO T_ORDER_BY VALUES(1, 2.0, 'B');
SUCCESS
INSERT INTO T_ORDER_BY VALUES(4, 3.0, 'C');
SUCCESS
INSERT INTO T_ORDER_BY VALUES(3, 2.0, 'C');
SUCCESS
INSERT INTO T_ORDER_BY VALUES(3, 4.0, 'C');
SUCCESS
INSERT INTO T_ORDER_BY VALUES(3, 3.0, 'D');
SUCCESS
INSERT INTO T_ORDER_BY VALUES(3, 2.0, 'F');
SUCCESS

INSERT INTO T_ORDER_BY_2 VALUES(1, 10);
SUCCESS
INSERT INTO T_ORDER_BY_2 VALUES(2, 20);
SUCCESS
INSERT INTO T_ORDER_BY_2 VALUES(3, 10);
SUCCESS
INSERT INTO T_ORDER_BY_2 VALUES(3, 20);
SUCCESS
INSERT INTO T_ORDER_BY_2 VALUES(3, 40);
SUCCESS
INSERT INTO T_ORDER_BY_2 VALUES(4, 20);
SUCCESS

SELECT * FROM T_ORDER_BY ORDER BY ID;
1 | 2 | B
3 | 1 | A
3 | 2 | C
3 | 2 | F
3 | 3 | D
3 | 4 | C
4 | 3 | C
ID | SCORE | NAME

SELECT * FROM T_ORDER_BY ORDER BY ID ASC LIMIT 1;
1 | 2 | B
ID | SCORE | NAME

SELECT * FROM T_ORDER_BY ORDER BY ID DESC LIMIT 10;
1 | 2 | B
3 | 1 | A
3 | 2 | C
3 | 2 | F
3 | 3 | D
3 | 4 | C
4 | 3 | C
ID | SCORE | NAME

SELECT * FROM T_ORDER_BY ORDER BY SCORE DESC LIMIT 100;
1 | 2 | B
3 | 1 | A
3 | 2 | C
3 | 2 | F
3 | 3 | D
3 | 4 | C
4 | 3 | C
ID | SCORE | NAME

4. ORDER BY MORE THAN ONE FIELDS
SELECT * FROM T_ORDER_BY ORDER BY ID, SCORE;
ID | SCORE | NAME
1 | 2 | B
3 | 1 | A
3 | 2 | C
3 | 2 | F
3 | 3 | D
3 | 4 | C
4 | 3 | C

SELECT * FROM T_ORDER_BY ORDER BY ID DESC, SCORE ASC LIMIT 1;
ID | SCORE | NAME
4 | 3 | C

5. ORDER BY ASSOCIATE WITH WHERE CONDITION
SELECT * FROM T_ORDER_BY WHERE ID=3 ORDER BY SCORE DESC LIMIT 100;
ID | SCORE | NAME
3 | 4 | C
3 | 3 | D
3 | 2 | C
3 | 2 | F
3 | 1 | A
